Vendor Code,Master SKU,SKU,Channel,Channel SKU,Identifier,Status (Active / Inactive)
204-QMQ,IM168335Boys comes t-shirt white 4,Boys comes t-shirt white 4,Amazon,Boys comes t-shirt white 4,B0CR6LPQNG,Active
204-QMQ,IM190455Q YELLO LEAF LEGI 4,Q YELLO LEAF LEGI 4,Amazon,Q YELLO LEAF LEGI 4,B0D9Y3MRR4,Active
204-QMQ,IM190494Q COMES WHITE 5,Q COMES WHITE 5,Amazon,Q COMES WHITE 5,B0D9W6JRWZ,Active
204-QMQ,IM190472Q Girls Leather skirt Brown White 6,Q Girls Leather skirt Brown White 6,Amazon,Q Girls Leather skirt Brown White 6,B0D9P7LLFZ,Active
204-QMQ,IM190449Q Bubble Top & Short PURPLE 2,Q Bubble Top & Short PURPLE 2,Amazon,Q Bubble Top & Short PURPLE 2,B0D9Y5KVNF,Active
204-QMQ,IM190388Q Colorful Top Denim pant 4,Q Colorful Top Denim pant 4,Amazon,Q Colorful Top Denim pant 4,B0D9Y41319,Active
204-QMQ,IM168324Blur Lining Suit Blue-5,Blur Lining Suit Blue-5,Amazon,Blur Lining Suit Blue-5,B0CRVG9ZYR,Active
204-QMQ,IM190342Q Ice-Cream Top and Skirt Light Green 3,Q Ice-Cream Top and Skirt Light Green 3,Amazon,Q Ice-Cream Top and Skirt Light Green 3,B0D9NYF58L,Active
204-QMQ,IM168388Ice-Cream Top and Skirt Light Green 3,Ice-Cream Top and Skirt Light Green 3,Amazon,Ice-Cream Top and Skirt Light Green 3,B0CSFP5VD8,Active
204-QMQ,IM168410King Hoodie t-shirt Yellow 4,King Hoodie t-shirt Yellow 4,Amazon,King Hoodie t-shirt Yellow 4,B0CR6LDDRP,Active
204-QMQ,IM168321Blur Lining Suit Blue-2,Blur Lining Suit Blue-2,Amazon,Blur Lining Suit Blue-2,B0CRVTMD3Z,Active
204-QMQ,IM168332Blur Lining Suit Gray-5,Blur Lining Suit Gray-5,Amazon,Blur Lining Suit Gray-5,B0CRVDGC13,Active
204-QMQ,IM168334Boys comes t-shirt white 3,Boys comes t-shirt white 3,Amazon,Boys comes t-shirt white 3,B0CR6M58TX,Active
204-QMQ,IM190337Q GREEN LEAF LEGI 5,Q GREEN LEAF LEGI 5,Amazon,Q GREEN LEAF LEGI 5,B0D9Y5BF9M,Active
204-QMQ,IM168349Girls Leather skirt Brown-Black 3,Girls Leather skirt Brown-Black 3,Amazon,Girls Leather skirt Brown-Black 3,B0CQCHGB9Z,Active
204-QMQ,IM190500Q LEATHER SKIRT Pink-Black 4,Q LEATHER SKIRT Pink-Black 4,Amazon,Q LEATHER SKIRT Pink-Black 4,B0D9NY1Z38,Active
204-QMQ,IM168338Checks Suit Dark Blue-3,Checks Suit Dark Blue-3,Amazon,Checks Suit Dark Blue-3,B0CRVMR3PF,Active
204-QMQ,IM190520Q Yellow Unicorn Top-Skirt 3,Q Yellow Unicorn Top-Skirt 3,Amazon,Q Yellow Unicorn Top-Skirt 3,B0D9NZ9DCM,Active
204-QMQ,IM168344Girls Colorful Top Denim pant 5,Girls Colorful Top Denim pant 5,Amazon,Girls Colorful Top Denim pant 5,B0CSFMPNKF,Active
204-QMQ,IM190359Q LEATHER SKIRT Pink-Black 5,Q LEATHER SKIRT Pink-Black 5,Amazon,Q LEATHER SKIRT Pink-Black 5,B0D9NYWTC7,Active
204-QMQ,IM190407Q COMES WHITE 3,Q COMES WHITE 3,Amazon,Q COMES WHITE 3,B0D9W55LJ6,Active
204-QMQ,IM168351Girls Leather skirt Brown-Black 5,Girls Leather skirt Brown-Black 5,Amazon,Girls Leather skirt Brown-Black 5,B0CQCDXQWN,Active
204-QMQ,IM168328Blur Lining Suit Dark Green-5,Blur Lining Suit Dark Green-5,Amazon,Blur Lining Suit Dark Green-5,B0CRVCR8V4,Active
204-QMQ,IM190413Q KING HUDI RED 5,Q KING HUDI RED 5,Amazon,Q KING HUDI RED 5,B0D9W4WX2T,Active
204-QMQ,IM168353Girls Leather skirt Brown-Black 7,Girls Leather skirt Brown-Black 7,Amazon,Girls Leather skirt Brown-Black 7,B0CQC48WSP,Active
204-QMQ,IM190357Q Ice-Cream Top and Skirt Light Green 8,Q Ice-Cream Top and Skirt Light Green 8,Amazon,Q Ice-Cream Top and Skirt Light Green 8,B0D9NYFLSH,Active
204-QMQ,IM190370Q Ice-Cream Top and Skirt Pink 6,Q Ice-Cream Top and Skirt Pink 6,Amazon,Q Ice-Cream Top and Skirt Pink 6,B0D9NXB78G,Active
204-QMQ,IM190352Q Girls Leather skirt Brown-Black 3,Q Girls Leather skirt Brown-Black 3,Amazon,Q Girls Leather skirt Brown-Black 3,B0D9BJBPV2,Active
204-QMQ,IM168379H BLZ COLLER YELLOW 5,H BLZ COLLER YELLOW 5,Amazon,H BLZ COLLER YELLOW 5,B0BVR5PTRV,Active
204-QMQ,IM168372Girls Leather skirt Pink-Black 5,Girls Leather skirt Pink-Black 5,Amazon,Girls Leather skirt Pink-Black 5,B0CQC93M11,Active
204-QMQ,IM168380H F UNICORN RAINBOW SKIRT 2,H F UNICORN RAINBOW SKIRT 2,Amazon,H F UNICORN RAINBOW SKIRT 2,B0BVZLLGL5,Active
204-QMQ,IM168394Ice-Cream Top and Skirt Pink 2,Ice-Cream Top and Skirt Pink 2,Amazon,Ice-Cream Top and Skirt Pink 2,B0CSFP5HNX,Active
204-QMQ,IM190349Q Girls Leather skirt Brown-Black 7,Q Girls Leather skirt Brown-Black 7,Amazon,Q Girls Leather skirt Brown-Black 7,B0D9BJH4D3,Active
204-QMQ,IM190475Q NO 1 MICKEY RED 2,Q NO 1 MICKEY RED 2,Amazon,Q NO 1 MICKEY RED 2,B0D9W56F5Z,Active
204-QMQ,IM168400Ice-Cream Top and Skirt Pink 8,Ice-Cream Top and Skirt Pink 8,Amazon,Ice-Cream Top and Skirt Pink 8,B0CSFMWH4B,Active
204-QMQ,IM190465Q LEATHER SKIRT Pink-Black 2,Q LEATHER SKIRT Pink-Black 2,Amazon,Q LEATHER SKIRT Pink-Black 2,B0D9NYL2YC,Active
204-QMQ,IM190364Q Girls Leather skirt Brown White 4,Q Girls Leather skirt Brown White 4,Amazon,Q Girls Leather skirt Brown White 4,B0D9P82YWG,Active
204-QMQ,IM168345Girls Colorful Top Denim pant 6,Girls Colorful Top Denim pant 6,Amazon,Girls Colorful Top Denim pant 6,B0CSFNXY3J,Active
204-QMQ,IM168381H F UNICORN RAINBOW SKIRT 3,H F UNICORN RAINBOW SKIRT 3,Amazon,H F UNICORN RAINBOW SKIRT 3,B0BVZKYYZS,Active
204-QMQ,IM168333Boys comes t-shirt white 2,Boys comes t-shirt white 2,Amazon,Boys comes t-shirt white 2,B0CR6LPVR2,Active
204-QMQ,IM190493Q KING HUDI PISTA 5,Q KING HUDI PISTA 5,Amazon,Q KING HUDI PISTA 5,B0D9W61HYL,Active
204-QMQ,IM168325Blur Lining Suit Dark Green-2,Blur Lining Suit Dark Green-2,Amazon,Blur Lining Suit Dark Green-2,B0CRVR4LLD,Active
204-QMQ,IM190405Q Ice-Cream Top and Skirt Light Green 6,Q Ice-Cream Top and Skirt Light Green 6,Amazon,Q Ice-Cream Top and Skirt Light Green 6,B0D9NVPKMV,Active
204-QMQ,IM190434Q Colorful Top Denim pant 8,Q Colorful Top Denim pant 8,Amazon,Q Colorful Top Denim pant 8,B0D9Y3MCS7,Active
204-QMQ,IM190466Q Yellow Unicorn Top-Skirt 2,Q Yellow Unicorn Top-Skirt 2,Amazon,Q Yellow Unicorn Top-Skirt 2,B0D9NYYSFZ,Active
204-QMQ,IM190371Q Girls Leather skirt Brown White 2,Q Girls Leather skirt Brown White 2,Amazon,Q Girls Leather skirt Brown White 2,B0D9P7P156,Active
204-QMQ,IM190517Q KING HUDI YELLOW 5,Q KING HUDI YELLOW 5,Amazon,Q KING HUDI YELLOW 5,B0D9W4BDP9,Active
204-QMQ,IM190473Q WESNOA T ORANGE GRY 4,Q WESNOA T ORANGE GRY 4,Amazon,Q WESNOA T ORANGE GRY 4,B0D9W68HPW,Active
204-QMQ,IM190397Q GREEN LEAF LEGI 8,Q GREEN LEAF LEGI 8,Amazon,Q GREEN LEAF LEGI 8,B0D9Y4RB4M,Active
204-QMQ,IM168357Girls Leather skirt Brown-Velvet Red 4,Girls Leather skirt Brown-Velvet Red 4,Amazon,Girls Leather skirt Brown-Velvet Red 4,B0CQC2NXGL,Active
204-QMQ,IM168336Boys comes t-shirt white 5,Boys comes t-shirt white 5,Amazon,Boys comes t-shirt white 5,B0CR6LV772,Active
204-QMQ,IM190492Q NO 1 MICKEY RED 5,Q NO 1 MICKEY RED 5,Amazon,Q NO 1 MICKEY RED 5,B0D9W3ZCSS,Active
204-QMQ,IM190460Q Pink Unicorn Top-Skirt 3,Q Pink Unicorn Top-Skirt 3,Amazon,Q Pink Unicorn Top-Skirt 3,B0D9NZB3WG,Active
204-QMQ,IM190331Q KING HUDI PISTA 4,Q KING HUDI PISTA 4,Amazon,Q KING HUDI PISTA 4,B0D9W4GLNM,Active
204-QMQ,IM168390Ice-Cream Top and Skirt Light Green 5,Ice-Cream Top and Skirt Light Green 5,Amazon,Ice-Cream Top and Skirt Light Green 5,B0CSFKPH8W,Active
204-QMQ,IM168341Girls Colorful Top Denim pant 2,Girls Colorful Top Denim pant 2,Amazon,Girls Colorful Top Denim pant 2,B0CSFNCCPT,Active
204-QMQ,IM190456Q GREEN LEAF LEGI 3,Q GREEN LEAF LEGI 3,Amazon,Q GREEN LEAF LEGI 3,B0D9Y5Q817,Active
204-QMQ,IM168397Ice-Cream Top and Skirt Pink 5,Ice-Cream Top and Skirt Pink 5,Amazon,Ice-Cream Top and Skirt Pink 5,B0CSFMB3F1,Active
204-QMQ,IM190515Q Girls Leather skirt Brown-Velvet Red 7,Q Girls Leather skirt Brown-Velvet Red 7,Amazon,Q Girls Leather skirt Brown-Velvet Red 7,B0D9NXR6QK,Active
204-QMQ,IM168342Girls Colorful Top Denim pant 3,Girls Colorful Top Denim pant 3,Amazon,Girls Colorful Top Denim pant 3,B0CSFPJG6B,Active
204-QMQ,IM168327Blur Lining Suit Dark Green-4,Blur Lining Suit Dark Green-4,Amazon,Blur Lining Suit Dark Green-4,B0CRVBCHWF,Active
204-QMQ,IM168329Blur Lining Suit Gray-2,Blur Lining Suit Gray-2,Amazon,Blur Lining Suit Gray-2,B0CRVG1Q98,Active
204-QMQ,IM190522Q Pocket Skirt top Black 5,Q Pocket Skirt top Black 5,Amazon,Q Pocket Skirt top Black 5,B0D9NVBT94,Active
204-QMQ,IM190457Q Pink Unicorn Top-Skirt 8,Q Pink Unicorn Top-Skirt 8,Amazon,Q Pink Unicorn Top-Skirt 8,B0D9NWYKZ1,Active
204-QMQ,IM190450Q Pocket Skirt top Black 2,Q Pocket Skirt top Black 2,Amazon,Q Pocket Skirt top Black 2,B0D9NXY7XJ,Active
204-QMQ,IM168323Blur Lining Suit Blue-4,Blur Lining Suit Blue-4,Amazon,Blur Lining Suit Blue-4,B0CRVDT1WK,Active
204-QMQ,IM190377Q KING HUDI YELLOW 2,Q KING HUDI YELLOW 2,Amazon,Q KING HUDI YELLOW 2,B0D9W47F3S,Active
204-QMQ,IM190363Q Ice-Cream Top and Skirt Light Green 2,Q Ice-Cream Top and Skirt Light Green 2,Amazon,Q Ice-Cream Top and Skirt Light Green 2,B0D9NZFJPH,Active
204-QMQ,IM168346Girls Colorful Top Denim pant 7,Girls Colorful Top Denim pant 7,Amazon,Girls Colorful Top Denim pant 7,B0CSFNH9N1,Active
204-QMQ,IM168376H BLZ COLLER YELLOW 2,H BLZ COLLER YELLOW 2,Amazon,H BLZ COLLER YELLOW 2,B0BVR1LW62,Active
204-QMQ,IM168358Girls Leather skirt Brown-Velvet Red 5,Girls Leather skirt Brown-Velvet Red 5,Amazon,Girls Leather skirt Brown-Velvet Red 5,B0CQCB5MFM,Active
204-QMQ,IM168377H BLZ COLLER YELLOW 3,H BLZ COLLER YELLOW 3,Amazon,H BLZ COLLER YELLOW 3,B0BVR5CBWX,Active
204-QMQ,IM190339Q Bubble Top & Short L YELLO 2,Q Bubble Top & Short L YELLO 2,Amazon,Q Bubble Top & Short L YELLO 2,B0D9Y4327Z,Active
204-QMQ,IM190447Q Girls Leather skirt Brown White 7,Q Girls Leather skirt Brown White 7,Amazon,Q Girls Leather skirt Brown White 7,B0D9P58L62,Active
204-QMQ,IM190425Q LEATHER SKIRT Pink-Black 7,Q LEATHER SKIRT Pink-Black 7,Amazon,Q LEATHER SKIRT Pink-Black 7,B0D9NY2N8F,Active
204-QMQ,IM190498Q Ice-Cream Top and Skirt Light Green 7,Q Ice-Cream Top and Skirt Light Green 7,Amazon,Q Ice-Cream Top and Skirt Light Green 7,B0D9NX8K8Z,Active
204-QMQ,IM168370Girls Leather skirt Pink-Black 3,Girls Leather skirt Pink-Black 3,Amazon,Girls Leather skirt Pink-Black 3,B0CQCCG5MD,Active
204-QMQ,IM190431Q Pocket Skirt top Black 3,Q Pocket Skirt top Black 3,Amazon,Q Pocket Skirt top Black 3,B0D9NZ4NSV,Active
204-QMQ,IM190423Q COMES WHITE 4,Q COMES WHITE 4,Amazon,Q COMES WHITE 4,B0D9W68RQ2,Active
204-QMQ,IM190469Q Pink Unicorn Top-Skirt 7,Q Pink Unicorn Top-Skirt 7,Amazon,Q Pink Unicorn Top-Skirt 7,B0D9NX8S32,Active
204-QMQ,IM168326Blur Lining Suit Dark Green-3,Blur Lining Suit Dark Green-3,Amazon,Blur Lining Suit Dark Green-3,B0CRVD9NXB,Active
204-QMQ,IM190376Q Bubble Top & Short PINK 2,Q Bubble Top & Short PINK 2,Amazon,Q Bubble Top & Short PINK 2,B0D9Y5GFNR,Active
204-QMQ,IM168391Ice-Cream Top and Skirt Light Green 6,Ice-Cream Top and Skirt Light Green 6,Amazon,Ice-Cream Top and Skirt Light Green 6,B0CSFMQTMR,Active
204-QMQ,IM168378H BLZ COLLER YELLOW 4,H BLZ COLLER YELLOW 4,Amazon,H BLZ COLLER YELLOW 4,B0BVR3ZLGB,Active
204-QMQ,IM190497Q NO 1 MICKEY RED 4,Q NO 1 MICKEY RED 4,Amazon,Q NO 1 MICKEY RED 4,B0D9W4L24Q,Active
204-QMQ,IM168392Ice-Cream Top and Skirt Light Green 7,Ice-Cream Top and Skirt Light Green 7,Amazon,Ice-Cream Top and Skirt Light Green 7,B0CSF9QTL7,Active
204-QMQ,IM168322Blur Lining Suit Blue-3,Blur Lining Suit Blue-3,Amazon,Blur Lining Suit Blue-3,B0CRV89M86,Active
204-QMQ,IM168408King Hoodie t-shirt Yellow 2,King Hoodie t-shirt Yellow 2,Amazon,King Hoodie t-shirt Yellow 2,B0CR6MYLN2,Active
204-QMQ,IM190461Q Ice-Cream Top and Skirt Pink 8,Q Ice-Cream Top and Skirt Pink 8,Amazon,Q Ice-Cream Top and Skirt Pink 8,B0D9NYL5XP,Active
204-QMQ,IM168360Girls Leather skirt Brown-Velvet Red 7,Girls Leather skirt Brown-Velvet Red 7,Amazon,Girls Leather skirt Brown-Velvet Red 7,B0CQCCW2M2,Active
204-QMQ,IM190443Q YELLO LEAF LEGI 8,Q YELLO LEAF LEGI 8,Amazon,Q YELLO LEAF LEGI 8,B0D9Y3PWX9,Active
204-QMQ,IM168369Girls Leather skirt Pink-Black 2,Girls Leather skirt Pink-Black 2,Amazon,Girls Leather skirt Pink-Black 2,B0CQC48HVW,Active
204-QMQ,IM168375Girls Leather skirt Pink-Black 8,Girls Leather skirt Pink-Black 8,Amazon,Girls Leather skirt Pink-Black 8,B0CQC34VCZ,Active
204-QMQ,IM190410Q COMES WHITE 2,Q COMES WHITE 2,Amazon,Q COMES WHITE 2,B0D9W5BWKM,Active
204-QMQ,IM168356Girls Leather skirt Brown-Velvet Red 3,Girls Leather skirt Brown-Velvet Red 3,Amazon,Girls Leather skirt Brown-Velvet Red 3,B0CQBZH7HK,Active
204-QMQ,IM190399Q Ice-Cream Top and Skirt Pink 3,Q Ice-Cream Top and Skirt Pink 3,Amazon,Q Ice-Cream Top and Skirt Pink 3,B0D9NZNJ1R,Active
204-QMQ,IM190506Q KING HUDI PISTA 3,Q KING HUDI PISTA 3,Amazon,Q KING HUDI PISTA 3,B0D9W62QJC,Active
204-QMQ,IM190341Q Bubble Top & Short AQUA BLUE 2,Q Bubble Top & Short AQUA BLUE 2,Amazon,Q Bubble Top & Short AQUA BLUE 2,B0D9Y33WX1,Active
204-QMQ,IM190369Q KING HUDI RED 4,Q KING HUDI RED 4,Amazon,Q KING HUDI RED 4,B0D9W4TS3R,Active
204-QMQ,IM190451Q Girls Leather skirt Brown White 8,Q Girls Leather skirt Brown White 8,Amazon,Q Girls Leather skirt Brown White 8,B0D9P5TGLZ,Active
204-QMQ,IM168393Ice-Cream Top and Skirt Light Green 8,Ice-Cream Top and Skirt Light Green 8,Amazon,Ice-Cream Top and Skirt Light Green 8,B0CSFNXL13,Active
204-QMQ,IM190398Q Girls Leather skirt Brown-Velvet Red 5,Q Girls Leather skirt Brown-Velvet Red 5,Amazon,Q Girls Leather skirt Brown-Velvet Red 5,B0D9NZG5PF,Active
204-QMQ,IM168385H F UNICORN RAINBOW SKIRT 7,H F UNICORN RAINBOW SKIRT 7,Amazon,H F UNICORN RAINBOW SKIRT 7,B0CSNJKH4C,Active
204-QMQ,IM190502Q Colorful Top Denim pant 6,Q Colorful Top Denim pant 6,Amazon,Q Colorful Top Denim pant 6,B0D9Y3VXLD,Active
204-QMQ,IM168409King Hoodie t-shirt Yellow 3,King Hoodie t-shirt Yellow 3,Amazon,King Hoodie t-shirt Yellow 3,B0CR6NY5TQ,Active
204-QMQ,IM190396Q WESNOA T ORANGE GRY 5,Q WESNOA T ORANGE GRY 5,Amazon,Q WESNOA T ORANGE GRY 5,B0D9W5Y4V2,Active
204-QMQ,IM168330Blur Lining Suit Gray-3,Blur Lining Suit Gray-3,Amazon,Blur Lining Suit Gray-3,B0CRVBVJN8,Active
204-QMQ,IM190462Q Girls Leather skirt Brown-Velvet Red 8,Q Girls Leather skirt Brown-Velvet Red 8,Amazon,Q Girls Leather skirt Brown-Velvet Red 8,B0D9NZMGZL,Active
204-QMQ,IM190380Q KING HUDI RED 3,Q KING HUDI RED 3,Amazon,Q KING HUDI RED 3,B0D9W4XHKH,Active
204-QMQ,IM168383H F UNICORN RAINBOW SKIRT 5,H F UNICORN RAINBOW SKIRT 5,Amazon,H F UNICORN RAINBOW SKIRT 5,B0BVZNDSHC,Active
204-QMQ,IM190510Q WESNOA T ORANGE GRY 2,Q WESNOA T ORANGE GRY 2,Amazon,Q WESNOA T ORANGE GRY 2,B0D9W4W6DY,Active
204-QMQ,IM168386H F UNICORN RAINBOW SKIRT 8,H F UNICORN RAINBOW SKIRT 8,Amazon,H F UNICORN RAINBOW SKIRT 8,B0CSNFDFX4,Active
204-QMQ,IM168371Girls Leather skirt Pink-Black 4,Girls Leather skirt Pink-Black 4,Amazon,Girls Leather skirt Pink-Black 4,B0CQBYZGST,Active
204-QMQ,IM190361Q Girls Leather skirt Brown-Black 8,Q Girls Leather skirt Brown-Black 8,Amazon,Q Girls Leather skirt Brown-Black 8,B0D9BGXRLT,Active
204-QMQ,IM190518Q Yellow Unicorn Top-Skirt 8,Q Yellow Unicorn Top-Skirt 8,Amazon,Q Yellow Unicorn Top-Skirt 8,B0D9NYM9Y2,Active
204-QMQ,IM168398Ice-Cream Top and Skirt Pink 6,Ice-Cream Top and Skirt Pink 6,Amazon,Ice-Cream Top and Skirt Pink 6,B0CSFNF33H,Active
204-QMQ,IM190327Q Bubble Top & Short PURPLE 3,Q Bubble Top & Short PURPLE 3,Amazon,Q Bubble Top & Short PURPLE 3,B0D9Y47W1R,Active
204-QMQ,IM190496Q Pink Unicorn Top-Skirt 6,Q Pink Unicorn Top-Skirt 6,Amazon,Q Pink Unicorn Top-Skirt 6,B0D9NWTP8Z,Active
204-QMQ,IM190350Q Girls Leather skirt Brown-Black 5,Q Girls Leather skirt Brown-Black 5,Amazon,Q Girls Leather skirt Brown-Black 5,B0D9BFM9P6,Active
204-QMQ,IM168361Girls Leather skirt Brown-Velvet Red 8,Girls Leather skirt Brown-Velvet Red 8,Amazon,Girls Leather skirt Brown-Velvet Red 8,B0CQC2Z37V,Active
204-QMQ,IM168347Girls Colorful Top Denim pant 8,Girls Colorful Top Denim pant 8,Amazon,Girls Colorful Top Denim pant 8,B0CSFNC256,Active
204-QMQ,IM168395Ice-Cream Top and Skirt Pink 3,Ice-Cream Top and Skirt Pink 3,Amazon,Ice-Cream Top and Skirt Pink 3,B0CSFNCK79,Active
204-QMQ,IM190420Q KING HUDI RED 2,Q KING HUDI RED 2,Amazon,Q KING HUDI RED 2,B0D9W4R73W,Active
204-QMQ,IM190387Q Bubble Top & Short AQUA BLUE 3,Q Bubble Top & Short AQUA BLUE 3,Amazon,Q Bubble Top & Short AQUA BLUE 3,B0D9Y3QVPT,Active
204-QMQ,IM190524Q KING HUDI YELLOW 4,Q KING HUDI YELLOW 4,Amazon,Q KING HUDI YELLOW 4,B0D9W4MJDK,Active
204-QMQ,IM190519Q Girls Leather skirt Brown White 5,Q Girls Leather skirt Brown White 5,Amazon,Q Girls Leather skirt Brown White 5,B0D9P7Y6XQ,Active
204-QMQ,IM190480Q KING HUDI PISTA 2,Q KING HUDI PISTA 2,Amazon,Q KING HUDI PISTA 2,B0D9W4YD9K,Active
204-QMQ,IM190353Q Pocket Skirt top Black 6,Q Pocket Skirt top Black 6,Amazon,Q Pocket Skirt top Black 6,B0D9NWSKDC,Active
204-QMQ,IM190419Q Girls Leather skirt Brown-Black 2,Q Girls Leather skirt Brown-Black 2,Amazon,Q Girls Leather skirt Brown-Black 2,B0D9BH3LFM,Active
204-QMQ,IM190408Q Pocket Skirt top Black 7,Q Pocket Skirt top Black 7,Amazon,Q Pocket Skirt top Black 7,B0D9NX5QY4,Active
204-QMQ,IM168343Girls Colorful Top Denim pant 4,Girls Colorful Top Denim pant 4,Amazon,Girls Colorful Top Denim pant 4,B0CSFNSBG4,Active
204-QMQ,IM168374Girls Leather skirt Pink-Black 7,Girls Leather skirt Pink-Black 7,Amazon,Girls Leather skirt Pink-Black 7,B0CQC83DLT,Active
204-QMQ,IM190435Q Yellow Unicorn Top-Skirt 4,Q Yellow Unicorn Top-Skirt 4,Amazon,Q Yellow Unicorn Top-Skirt 4,B0D9NXPWPX,Active
204-QMQ,IM190508Q LEATHER SKIRT Pink-Black 6,Q LEATHER SKIRT Pink-Black 6,Amazon,Q LEATHER SKIRT Pink-Black 6,B0D9NXKMBK,Active
204-QMQ,IM168348Girls Leather skirt Brown-Black 2,Girls Leather skirt Brown-Black 2,Amazon,Girls Leather skirt Brown-Black 2,B0CQC4J7V5,Active
204-QMQ,IM190385Q Girls Leather skirt Brown-Velvet Red 6,Q Girls Leather skirt Brown-Velvet Red 6,Amazon,Q Girls Leather skirt Brown-Velvet Red 6,B0D9NW2Z8G,Active
204-QMQ,IM190503Q Pocket Skirt top Black 4,Q Pocket Skirt top Black 4,Amazon,Q Pocket Skirt top Black 4,B0D9NY4TX4,Active
204-QMQ,IM190486Q Girls Leather skirt Brown White 3,Q Girls Leather skirt Brown White 3,Amazon,Q Girls Leather skirt Brown White 3,B0D9P67DVD,Active
204-QMQ,IM168396Ice-Cream Top and Skirt Pink 4,Ice-Cream Top and Skirt Pink 4,Amazon,Ice-Cream Top and Skirt Pink 4,B0CSFNXL14,Active
204-QMQ,IM168331Blur Lining Suit Gray-4,Blur Lining Suit Gray-4,Amazon,Blur Lining Suit Gray-4,B0CRVBGYZV,Active
204-QMQ,IM190382Q YELLO LEAF LEGI 2,Q YELLO LEAF LEGI 2,Amazon,Q YELLO LEAF LEGI 2,B0D9Y25H5M,Active
204-QMQ,IM190333Q Ice-Cream Top and Skirt Pink 7,Q Ice-Cream Top and Skirt Pink 7,Amazon,Q Ice-Cream Top and Skirt Pink 7,B0D9NWJX2Y,Active
204-QMQ,IM168387Ice-Cream Top and Skirt Light Green 2,Ice-Cream Top and Skirt Light Green 2,Amazon,Ice-Cream Top and Skirt Light Green 2,B0CSFP35PT,Active
204-QMQ,IM190501Q LEATHER SKIRT Pink-Black 8,Q LEATHER SKIRT Pink-Black 8,Amazon,Q LEATHER SKIRT Pink-Black 8,B0D9NY2CBZ,Active
204-QMQ,IM190470Q YELLO LEAF LEGI 6,Q YELLO LEAF LEGI 6,Amazon,Q YELLO LEAF LEGI 6,B0D9Y45BJ4,Active
204-QMQ,IM190421Q KING HUDI YELLOW 3,Q KING HUDI YELLOW 3,Amazon,Q KING HUDI YELLOW 3,B0D9W53GMB,Active
204-QMQ,IM190365Q Colorful Top Denim pant 3,Q Colorful Top Denim pant 3,Amazon,Q Colorful Top Denim pant 3,B0D9Y4327X,Active
204-QMQ,IM190452Q Yellow Unicorn Top-Skirt 5,Q Yellow Unicorn Top-Skirt 5,Amazon,Q Yellow Unicorn Top-Skirt 5,B0D9NZ1CFB,Active
204-QMQ,IM190471Q Girls Leather skirt Brown-Velvet Red 3,Q Girls Leather skirt Brown-Velvet Red 3,Amazon,Q Girls Leather skirt Brown-Velvet Red 3,B0D9NX5QY5,Active
204-QMQ,IM190323Q GREEN LEAF LEGI 2,Q GREEN LEAF LEGI 2,Amazon,Q GREEN LEAF LEGI 2,B0D9Y33WX3,Active
204-QMQ,IM190386Q Pocket Skirt top Black 8,Q Pocket Skirt top Black 8,Amazon,Q Pocket Skirt top Black 8,B0D9NXN9HC,Active
204-QMQ,IM190325Q Bubble Top & Short L YELLO 3,Q Bubble Top & Short L YELLO 3,Amazon,Q Bubble Top & Short L YELLO 3,B0D9Y3R27R,Active
204-QMQ,IM168352Girls Leather skirt Brown-Black 6,Girls Leather skirt Brown-Black 6,Amazon,Girls Leather skirt Brown-Black 6,B0CQC4TSKP,Active
204-QMQ,IM190329Q GREEN LEAF LEGI 7,Q GREEN LEAF LEGI 7,Amazon,Q GREEN LEAF LEGI 7,B0D9Y5JNMX,Active
204-QMQ,IM190426Q Girls Leather skirt Brown-Black 4,Q Girls Leather skirt Brown-Black 4,Amazon,Q Girls Leather skirt Brown-Black 4,B0D9BHRQ6W,Active
204-QMQ,IM168411King Hoodie t-shirt Yellow 5,King Hoodie t-shirt Yellow 5,Amazon,King Hoodie t-shirt Yellow 5,B0CR6M8KLZ,Active
204-QMQ,IM168337Checks Suit Dark Blue-2,Checks Suit Dark Blue-2,Amazon,Checks Suit Dark Blue-2,B0CRVJ1NNP,Active
204-QMQ,IM190485Q Ice-Cream Top and Skirt Light Green 4,Q Ice-Cream Top and Skirt Light Green 4,Amazon,Q Ice-Cream Top and Skirt Light Green 4,B0D9NYX3HF,Active
204-QMQ,IM190373Q Yellow Unicorn Top-Skirt 6,Q Yellow Unicorn Top-Skirt 6,Amazon,Q Yellow Unicorn Top-Skirt 6,B0D9NZ78NL,Active
204-QMQ,IM190375Q GREEN LEAF LEGI 6,Q GREEN LEAF LEGI 6,Amazon,Q GREEN LEAF LEGI 6,B0D9Y5CW5W,Active
204-QMQ,IM190390Q WESNOA T ORANGE GRY 3,Q WESNOA T ORANGE GRY 3,Amazon,Q WESNOA T ORANGE GRY 3,B0D9W3QHLL,Active
204-QMQ,IM168339Checks Suit Dark Blue-4,Checks Suit Dark Blue-4,Amazon,Checks Suit Dark Blue-4,B0CRVN8DW2,Active
204-QMQ,IM190322Q Pink Unicorn Top-Skirt 4,Q Pink Unicorn Top-Skirt 4,Amazon,Q Pink Unicorn Top-Skirt 4,B0D9NYMJ4X,Active
204-QMQ,IM168384H F UNICORN RAINBOW SKIRT 6,H F UNICORN RAINBOW SKIRT 6,Amazon,H F UNICORN RAINBOW SKIRT 6,B0BVZM27GP,Active
204-QMQ,IM168421Sleeve less Pink Skirt Top 6,Sleeve less Pink Skirt Top 6,Amazon,Sleeve less Pink Skirt Top 6,B0CQMXJC4H,Active
204-QMQ,IM190374Q LEATHER SKIRT Pink-Black 3,Q LEATHER SKIRT Pink-Black 3,Amazon,Q LEATHER SKIRT Pink-Black 3,B0D9NXR5GH,Active
204-QMQ,IM168355Girls Leather skirt Brown-Velvet Red 2,Girls Leather skirt Brown-Velvet Red 2,Amazon,Girls Leather skirt Brown-Velvet Red 2,B0CQCCG5MJ,Active
204-QMQ,IM168389Ice-Cream Top and Skirt Light Green 4,Ice-Cream Top and Skirt Light Green 4,Amazon,Ice-Cream Top and Skirt Light Green 4,B0CSFMYLZ9,Active
204-QMQ,IM190384Q Colorful Top Denim pant 7,Q Colorful Top Denim pant 7,Amazon,Q Colorful Top Denim pant 7,B0D9Y45B2P,Active
204-QMQ,IM168350Girls Leather skirt Brown-Black 4,Girls Leather skirt Brown-Black 4,Amazon,Girls Leather skirt Brown-Black 4,B0CQC51S8Z,Active
204-QMQ,IM190453Q Girls Leather skirt Brown-Black 6,Q Girls Leather skirt Brown-Black 6,Amazon,Q Girls Leather skirt Brown-Black 6,B0D9BJ3HSZ,Active
204-QMQ,IM190394Q Ice-Cream Top and Skirt Pink 4,Q Ice-Cream Top and Skirt Pink 4,Amazon,Q Ice-Cream Top and Skirt Pink 4,B0D9NVKS66,Active
204-QMQ,IM190400Q Ice-Cream Top and Skirt Light Green 5,Q Ice-Cream Top and Skirt Light Green 5,Amazon,Q Ice-Cream Top and Skirt Light Green 5,B0D9NYQVDF,Active
204-QMQ,IM190338Q GREEN LEAF LEGI 4,Q GREEN LEAF LEGI 4,Amazon,Q GREEN LEAF LEGI 4,B0D9Y2X7R8,Active
204-QMQ,IM168340Checks Suit Dark Blue-5,Checks Suit Dark Blue-5,Amazon,Checks Suit Dark Blue-5,B0CRVN8WHV,Active
204-QMQ,IM190482Q Ice-Cream Top and Skirt Pink 2,Q Ice-Cream Top and Skirt Pink 2,Amazon,Q Ice-Cream Top and Skirt Pink 2,B0D9NYD73K,Active
204-QMQ,IM190335Q YELLO LEAF LEGI 7,Q YELLO LEAF LEGI 7,Amazon,Q YELLO LEAF LEGI 7,B0D9Y428HH,Active
204-QMQ,IM190401Q NO 1 MICKEY RED 3,Q NO 1 MICKEY RED 3,Amazon,Q NO 1 MICKEY RED 3,B0D9W3J22Q,Active
204-QMQ,IM168359Girls Leather skirt Brown-Velvet Red 6,Girls Leather skirt Brown-Velvet Red 6,Amazon,Girls Leather skirt Brown-Velvet Red 6,B0CQCDV6YR,Active
204-QMQ,IM168382H F UNICORN RAINBOW SKIRT 4,H F UNICORN RAINBOW SKIRT 4,Amazon,H F UNICORN RAINBOW SKIRT 4,B0BVZMSB9F,Active
204-QMQ,IM190516Q Colorful Top Denim pant 5,Q Colorful Top Denim pant 5,Amazon,Q Colorful Top Denim pant 5,B0D9Y4SCHH,Active
204-QMQ,IM190360Q Ice-Cream Top and Skirt Pink 5,Q Ice-Cream Top and Skirt Pink 5,Amazon,Q Ice-Cream Top and Skirt Pink 5,B0D9NX53MM,Active
204-QMQ,IM190345Q Bubble Top & Short PINK 3,Q Bubble Top & Short PINK 3,Amazon,Q Bubble Top & Short PINK 3,B0D9Y54167,Active
204-QMQ,IM168373Girls Leather skirt Pink-Black 6,Girls Leather skirt Pink-Black 6,Amazon,Girls Leather skirt Pink-Black 6,B0CQC3VZHS,Active
204-QMQ,IM190347Q Girls Leather skirt Brown-Velvet Red 4,Q Girls Leather skirt Brown-Velvet Red 4,Amazon,Q Girls Leather skirt Brown-Velvet Red 4,B0D9NXL9TR,Active
204-QMQ,IM190448Q YELLO LEAF LEGI 5,Q YELLO LEAF LEGI 5,Amazon,Q YELLO LEAF LEGI 5,B0D9Y3X9ZX,Active
204-QMQ,IM190490Q Pink Unicorn Top-Skirt 5,Q Pink Unicorn Top-Skirt 5,Amazon,Q Pink Unicorn Top-Skirt 5,B0D9NW9K9N,Active
204-QMQ,IM190525Q YELLO LEAF LEGI 3,Q YELLO LEAF LEGI 3,Amazon,Q YELLO LEAF LEGI 3,B0D9Y5HHS2,Active
204-QMQ,IM190393Q Yellow Unicorn Top-Skirt 7,Q Yellow Unicorn Top-Skirt 7,Amazon,Q Yellow Unicorn Top-Skirt 7,B0D9NW9K9Q,Active
204-QMQ,IM190324Q Pink Unicorn Top-Skirt 2,Q Pink Unicorn Top-Skirt 2,Amazon,Q Pink Unicorn Top-Skirt 2,B0D9NXND8F,Active
204-QMQ,IM168354Girls Leather skirt Brown-Black 8,Girls Leather skirt Brown-Black 8,Amazon,Girls Leather skirt Brown-Black 8,B0CQC5GXW2,Active
204-QMQ,IM168399Ice-Cream Top and Skirt Pink 7,Ice-Cream Top and Skirt Pink 7,Amazon,Ice-Cream Top and Skirt Pink 7,B0CSFMD2YF,Active